username,password,firstname,lastname,street,city_state_zip,passenger,card,expDate
kurtmnc,ZAHxFXPd,Kurt,Cole,Stevens Creek Blvd,Eureka/Oklahoma/62230,Kurt Cole,5162960672304933,09/26
michealiwu,ZudLYYGU,Micheal,Peterson,Poplar Dr,West Valley City/South Dakota/76502,Micheal Peterson,4636589000800931,09/33
hermanfpo,XHIPYOgX,Herman,Reid,W Gray St,Plano/Florida/72801,Herman Reid,3517811517574559,09/34
crystalkox,GbmhpIGL,Crystal,Morales,Mcclellan Rd,Fremont/Ohio/76906,Crystal Morales,4943040477565974,04/36
tarafcr,ylPIIHoO,Tara,Carlson,Forest Ln,Houston/Oregon/93346,Tara Carlson,6582212510266856,08/35
terrancebpt,nVrUKEmA,Terrance,Ward,Pecan Acres Ln,Alexandria/Maryland/87173,Terrance Ward,9964734695552408,06/30
marjoriebqj,uzdtcGAO,Marjorie,Robertson,Crockett St,Oklahoma City/Florida/60802,Marjorie Robertson,0584560239307049,11/30
florencejia,ewHRHrhm,Florence,Hamilton,Washington Ave,Murrieta/Nevada/18304,Florence Hamilton,1671673921707771,01/31
tyronehqc,yDcClwoe,Tyrone,Foster,Saddle Dr,Stockton/Utah/23146,Tyrone Foster,8008923970038560,08/29
chesterzla,LZsEUzqQ,Chester,Barnes,Spring St,Pearland/Georgia/91099,Chester Barnes,4751559315804955,10/33
zackmnc,GFyafbyO,Zack,Lee,Brown Terrace,New York/Washington/51881,Zack Lee,7472880265185919,12/26
crystaliwu,tKimDBfn,Crystal,Bryant,Ranchview Dr,Plano/Illinois/37317,Crystal Bryant,6217726559280473,10/35
kyliefpo,LaFsVUsN,Kylie,Smith,Railroad St,Cupertino/Alaska/86367,Kylie Smith,4669962416163825,02/35
barryfcr,MXoeJUcF,Barry,Martinez,Robinson Rd,Santa Clarita/South Carolina/86444,Barry Martinez,0186083722136579,09/33
brennanbpt,dyOQqYEV,Brennan,Reed,Westheimer Rd,Aurora/Maryland/56020,Brennan Reed,4231129498175994,11/29
amyhqc,vBpwcLOP,Amy,Hunter,First Street,Addison/Minnesota/25836,Amy Hunter,0251571407020172,12/27
carterbqj,szKihkHA,Carter,Gomez,Wycliff Ave,Murrieta/Virginia/68192,Carter Gomez,4152829054934544,07/36
soniakox,wBHeOjhU,Sonia,Sims,W Sherman Dr,South Bend/Virginia/37566,Sonia Sims,9342936397362743,12/35
gavinzla,dPDDoakd,Gavin,Russell,Hogan St,Palmdale/Vermont/60347,Gavin Russell,3947908043814375,08/30
nelsonjia,ABmUXmzb,Nelson,Collins,White Oak Dr,San Bernardino/Wyoming/10119,Nelson Collins,8116524066495606,02/34
paulinefpo,yuliyRoc,Pauline,Sanchez,Timber Wolf Trail,San Francisco/Alabama/34060,Pauline Sanchez,4704281661884183,07/33
charlesiwu,cklYSltv,Charles,Bell,Edwards Rd,Birmingham/Vermont/27894,Charles Bell,3892870481919980,07/30
ralphbpt,soDMWtsU,Ralph,Barrett,Smokey Ln,Tampa/Colorado/93534,Ralph Barrett,5851168986979052,04/28
alfredmnc,FAiMdgXJ,Alfred,Wood,Parker Rd,North Charleston/Delaware/38313,Alfred Wood,8347864527551997,11/34
gabriellafcr,teuMujVv,Gabriella,Hernandez,Stevens Creek Blvd,Henderson/Georgia/27038,Gabriella Hernandez,2818589223917471,05/29
martinzla,jJWUNJrp,Martin,Peters,Mcclellan Rd,Belen/North Carolina/46151,Martin Peters,1030497306466697,03/31
robinhqc,CDYJMTHw,Robin,Owens,Lakeshore Rd,Rialto/New York/20566,Robin Owens,8882564040931135,12/34
robertakox,gjQVumQO,Roberta,Cooper,Spring St,Rochester/Oregon/54909,Roberta Cooper,0260229108046003,10/29
carlbqj,GItyxagd,Carl,Little,Stevens Creek Blvd,Rochmond/Rhode Island/45604,Carl Little,0717446476780792,06/32
fredjia,wYQpqfaA,Fred,Warren,Railroad St,Orlando/Indiana/43206,Fred Warren,8634392169032767,07/35
edwardfpo,pupMsuPf,Edward,Richards,Stevens Creek Blvd,Seymour/Illinois/70740,Edward Richards,2428594226809706,06/26
letamnc,VjSsOtco,Leta,Hale,Oak Ridge Ln,Boise/Virginia/97688,Leta Hale,7176165531960150,07/27
gordoniwu,DksmBKOg,Gordon,Smith,W Campbell Ave,Naperville/Ohio/56254,Gordon Smith,0960116633613588,05/28
jamiefcr,XeQckZFf,Jamie,Armstrong,Elgin St,St. Louis/Iowa/42177,Jamie Armstrong,0492872564268441,08/26
briannabqj,dwlosZEA,Brianna,Craig,Northaven Rd,West Valley City/New Jersey/21059,Brianna Craig,1528986737293662,11/31
cathyhqc,QsnnEXZU,Cathy,Hill,N Stelling Rd,Memphis/Illinois/45003,Cathy Hill,7238757019507408,03/33
andrewbpt,LrzyVeuW,Andrew,Morales,Frances Ct,Odessa/Oregon/85473,Andrew Morales,2186252077951311,02/28
owenkox,qckGGxbi,Owen,Tucker,Woodland St,Dumas/North Carolina/69449,Owen Tucker,3730842573554968,12/36
loiszla,WjpAeilB,Lois,Hawkins,Central St,Wichita Falls/Maryland/69126,Lois Hawkins,0399309904613395,07/33
calvinjia,bxIzJzqK,Calvin,Young,Miller Ave,Shiloh/Maryland/31190,Calvin Young,9528760893041252,02/33
chadmnc,afcniqoj,Chad,Silva,Mcclellan Rd,Fullerton/Nevada/45460,Chad Silva,6830053753133466,08/29
ericafpo,IRJkQcJw,Erica,Perry,Rolling Green Rd,Great Falls/Virginia/88986,Erica Perry,1427853244329677,02/27
debbieiwu,PNFqfXAt,Debbie,Bryant,Mcgowen St,Paterson/Louisiana/76515,Debbie Bryant,2009428959157197,12/32
lorizla,duywYBoL,Lori,Daniels,First Street,Chandler/Louisiana/39355,Lori Daniels,3809523920772151,01/27
carterfcr,WKlAEdZZ,Carter,Simpson,W Sherman Dr,Fairfield/Utah/72636,Carter Simpson,5520933591226550,12/28
liambqj,mHmrKCon,Liam,Bishop,Wycliff Ave,Minneapolis/Ohio/83247,Liam Bishop,3021244756114255,02/32
chadhqc,LgxBlmtl,Chad,Knight,Saddle Dr,Cupertino/Delaware/34132,Chad Knight,5476231490369297,01/26
idakox,sECTfyla,Ida,Jones,Paddock Way,South Valley/Hawaii/28100,Ida Jones,4917445162949437,03/28
marvinbpt,vAOIIHtt,Marvin,Fleming,Lovers Ln,Seattle/Arkansas/20742,Marvin Fleming,8569038251326391,03/30
marlenejia,uKcmdLAK,Marlene,Marshall,N Stelling Rd,Birmingham/Maryland/64638,Marlene Marshall,7587761812690508,12/35
